Name,Constituency,State,Party,debate,bill,questions,attendance,
A. Krishnaswamy,Sriperumbudur,Tamil Nadu,Dravida Munnetra Kazhagam,64,1,9,0.84,
A. Ravichandran Sippiparai,Sivakasi,Tamil Nadu,Marumalarchi Dravida Munnetra Kazhagam,66,0,224,0.88,
A. Venkatesh Naik,Raichur,Karnataka,Indian National Congress,4,0,36,0.72,
A.F. Golam Osmani,Barpeta,Assam,Indian National Congress,0,0,28,0.57,
A.K. Moorthy,Chengalpattu,Tamil Nadu,Paattali Makkal Katchi,0,0,134,0.62,
A.K.S. Vijayan,Nagapattinam,Tamil Nadu,Dravida Munnetra Kazhagam,24,0,0,0.53,
A.P. Abdullakutty,Cannanore,Kerala,Communist Party of India (Marxist),20,6,44,0.81,
A.V. Bellarmin,Nagercoil,Tamil Nadu,Communist Party of India (Marxist),69,0,161,0.85,
Abdul Mannan Hossain,Murshidabad,West Bengal,Indian National Congress,0,0,7,0.73,
Abdul Rashid Shaheen,Baramullah,Jammu and Kashmir,Jammu and Kashmir National Conference,32,0,353,0.81,
Abdul Rehman Antulay,Kulaba,Maharashtra,Indian National Congress,1,0,7,0.95,
Abu Ayes Mondal,Katwa ,West Bengal,Communist Party of India (Marxist),19,0,185,0.95,
Abu Hasem Khan Choudhury,Malda ,West Bengal,Indian National Congress,3,0,0,0.73,
Adhir Ranjan Chowdhury,Berhampore,West Bengal,Indian National Congress,109,0,817,0.61,
Adityanath Yogi,Gorakhpur,Uttar Pradesh,Bharatiya Janata Party,66,4,140,0.60,
Afzal Ansari,Gazipur,Uttar Pradesh,Samajwadi Party,5,0,0,0.43,
Agatha K Sangma,Tura,Meghalaya,Nationalist Congress Party,1,0,0,0.78,
Ajay Chakraborty,Basirhat,West Bengal,Communist Party of India,51,0,358,0.88,
Ajay Maken,New Delhi,Delhi,Indian National Congress,12,0,17,0.62,
Ajit Jogi^,Mahasamund,Chhattisgarh,Indian National Congress,2,0,368,0.62,
Ajit Singh,Baghpat,Uttar Pradesh,Rashtriya Lok Dal,6,1,0,0.43,
Akbar Ahmad Dumpy,Azamgarh,Uttar Pradesh,Bahujan Samaj Party,0,0,0,0.73,
Akhilesh Yadav,Kannauj,Uttar Pradesh,Samajwadi Party,1,0,17,0.35,
Akshay Pratap Singh,Pratapgarh,Uttar Pradesh,Samajwadi Party,0,0,8,0.45,
Alakesh Das,Nabadwip,West Bengal,Communist Party of India (Marxist),13,0,3,0.53,
Ale Narendra,Medak,Andhra Pradesh,Telangana Rashtra Samithi,1,0,0,0.71,
Allola Indrakaran Reddy,Adilabad,Andhra Pradesh,Indian National Congress,0,0,0,0.61,
Alok Kumar Mehta,Samastipur,Bihar,Rashtriya Janata Dal,93,1,218,0.84,
Amitava Nandy,Dum Dum,West Bengal,Communist Party of India (Marxist),15,0,108,0.62,
Anand Prakash Paranjpe ,Thane,Maharashtra,Shiv Sena,0,0,0,0.78,
Anandrao Vithoba Adsul,Buldhana,Maharashtra,Shiv Sena,32,3,1255,0.80,
Anant Gangaram Geete,Ratnagiri,Maharashtra,Shiv Sena,60,3,13,0.74,
Anant Kumar Hegde,Kanara,Karnataka,Bharatiya Janata Party,0,2,20,0.61,
Ananta Nayak,Keonjhar,Orissa,Bharatiya Janata Party,26,0,677,0.72,
Ananth Kumar,Bangalore South,Karnataka,Bharatiya Janata Party,46,0,85,0.71,
Anantha Venkatarami Reddy,Anantapur,Andhra Pradesh,Indian National Congress,5,0,0,0.73,
Anantrao Gudhe,Amravati,Maharashtra,Shiv Sena,28,0,101,0.63,
Anil Basu,Arambagh,West Bengal,Communist Party of India (Marxist),13,0,24,0.65,
Anil Shukla Warsi,Bilhaur ,Uttar Pradesh,Bahujan Samaj Party,2,0,8,0.48,
Anirudh Prasad (Sadhu) Yadav,Gopalganj,Bihar,Rashtriya Janata Dal,28,0,239,0.70,
Anuradha Choudhary,Kairana,Uttar Pradesh,Rashtriya Lok Dal,3,0,105,0.33,
Anurag Singh Thakur ,Hamirpur,Himachal,Bharatiya Janata Party,5,0,18,0.89,
Anwar Hussain,Dhubri,Assam,Indian National Congress,41,0,139,0.82,
Archana Nayak,Kendrapara,Orissa,Biju Janata Dal,58,4,89,0.79,
Arjun Charan Sethi,Bhadrak,Orissa,Biju Janata Dal,30,0,178,0.73,
Arun Kumar Sarma,Lakhimpur,Assam,Asom Gana Parishad,74,0,403,0.72,
Arun Yadav,Khargone,Madhya Pradesh,Indian National Congress,1,0,0,0.53,
Aruna Kumar Vundavalli,Rajahmundry,Andhra Pradesh,Indian National Congress,13,0,0,0.91,
Arvind Kumar Sharma,Karnal,Haryana,Indian National Congress,12,0,10,0.81,
Asaduddin Owaisi,Hyderabad,Andhra Pradesh,All India Majlis-E-Ittehadul Muslimmen,51,0,985,0.74,
Ashok Argal,Morena,Madhya Pradesh,Bharatiya Janata Party,24,0,101,0.86,
Ashok Kumar Pradhan,Khurja,Uttar Pradesh,Bharatiya Janata Party,12,0,0,0.76,
Ashok Kumar Rawat,Misrikh,Uttar Pradesh,Bahujan Samaj Party,3,0,261,0.62,
Atal Bihari Vajpayee,Lucknow,Uttar Pradesh,Bharatiya Janata Party,7,0,0,0.06,
Ateeq Ahmad,Phulpur,Uttar Pradesh,Samajwadi Party,3,0,79,0.20,
Atma Singh Gill,Sirsa,Haryana,Indian National Congress,7,0,7,0.80,
Avinash Rai Khanna,Hoshiarpur,Punjab,Bharatiya Janata Party,110,0,277,0.80,
Avtar Singh Bhadana,Faridabad,Haryana,Indian National Congress,14,1,222,0.63,
Babu Lal Marandi,Kodarma,Jharkhand,Independent,0,0,13,0.29,
Babu Rao Mediyam,Bhadrachalam,Andhra Pradesh,Communist Party of India (Marxist),52,0,99,0.90,
Babubhai Khimabhai Katara^,Dohad,Gujarat,Bharatiya Janata Party,0,0,0,0.40,
Bachi Singh Rawat,Almora,Uttrakhand,Bharatiya Janata Party,84,20,172,0.85,
Bagun Sumbrui,Singhbhum,Jharkhand,Indian National Congress,4,0,9,0.80,
Baju Ban Riyan,Tripura East,Tripura,Communist Party of India (Marxist),5,0,2,0.88,
Balasaheb Vikhe Patil,Kopargaon,Maharashtra,Indian National Congress,18,4,377,0.82,
Balashowry Vallabbhaneni,Tenali,Andhra Pradesh,Indian National Congress,1,0,594,0.78,
Baleshwar Yadav,Padrauna,Uttar Pradesh,National Loktrantrik Party,5,0,205,0.63,
Baliram Kashyap,Bastar,Chhattisgarh,Bharatiya Janata Party,0,0,0,0.30,
Bansagopal Chowdhury,Asansol,West Bengal,Communist Party of India (Marxist),11,0,20,0.60,
Bapu Hari Chaure,Dhule,Maharashtra,Indian National Congress,11,0,337,0.87,
Basangouda Patil,Bijapur,Karnataka,Bharatiya Janata Party,1,0,3,0.32,
Basudeb Acharia,Bankura,West Bengal,Communist Party of India (Marxist),183,11,467,0.85,
Basudeb Barman,Mathurapur,West Bengal,Communist Party of India (Marxist),22,0,0,0.94,
Beni Prasad Verma,Kaiserganj,Uttar Pradesh,Samajwadi Party,0,0,0,0.85,
Bhai Lal,Robertsganj ,Uttar Pradesh,Bahujan Samaj Party,1,0,18,0.80,
Bhanu Pratap Singh Verma,Jalaun,Uttar Pradesh,Bharatiya Janata Party,102,0,123,0.90,
Bhanwar Singh Dangawas,Nagaur,Rajasthan,Bharatiya Janata Party,38,0,15,0.94,
Bharatsinh Madhavsinh Solanki,Anand,Gujarat,Indian National Congress,2,0,21,0.53,
Bhartruhari Mahtab,Cuttack,Orissa,Biju Janata Dal,227,0,409,0.84,
Bhavana Pundlikrao Gawali,Washim,Maharashtra,Shiv Sena,6,0,244,0.60,
Bhishma Shankar,Khalilabad,Uttar Pradesh,Bahujan Samaj Party,0,0,0,0.58,
Bhubneshwar Prasad Mehta,Hazaribagh,Jharkhand,Communist Party of India,42,0,308,0.66,
Bhupendrasinh Prabhatsinh Solanki,Godhra,Gujarat,Bharatiya Janata Party,4,0,225,0.75,
Bijendra Singh,Aligarh,Uttar Pradesh,Indian National Congress,36,0,12,0.83,
Bikram Keshari Deo,Kalahandi,Orissa,Bharatiya Janata Party,100,0,57,0.83,
Biren Singh Engti,Autonomous District,Assam,Indian National Congress,0,0,0,0.93,
Brahmananda Panda,Jagatsinghpur,Orissa,Biju Janata Dal,47,0,14,0.82,
Braja Kishore Tripathy,Puri,Orissa,Biju Janata Dal,134,0,1048,0.92,
Brajesh Pathak^,Unnao,Uttar Pradesh,Bahujan Samaj Party,57,7,741,0.74,
Brij Bhushan Sharan Singh^,Balrampur,Uttar Pradesh,Bharatiya Janata Party,2,0,61,0.73,
C. Krishnan,Pollachi,Tamil Nadu,Marumalarchi Dravida Munnetra Kazhagam,48,0,0,0.89,
C. Kuppusami,Chennai North,Tamil Nadu,Dravida Munnetra Kazhagam,31,0,50,0.81,
C.H. Vijayashankar,Mysore,Karnataka,Bharatiya Janata Party,5,0,34,0.40,
C.K. Chandrappan,Trichur,Kerala,Communist Party of India,113,32,415,0.90,
C.S. Sujatha,Mavelikara,Kerala,Communist Party of India (Marxist),80,0,140,0.84,
Chander Kumar,Kangra,Himachal Pradesh,Indian National Congress,36,0,71,0.91,
Chandra Bhushan Singh,Farrukhabad,Uttar Pradesh,Samajwadi Party,12,0,408,0.92,
Chandra Dev Prasad Rajbhar,Ghosi,Uttar Pradesh,Samajwadi Party,0,0,63,0.94,
Chandra Sekhar Sahu,Berhampur,Orissa,Indian National Congress,25,0,18,0.94,
Chandra Shekhar Dubey,Dhanbad,Jharkhand,Indian National Congress,53,0,101,0.83,
Chandrabhan Bhaiya Singh^,Damoh,Madhya Pradesh,Bharatiya Janata Party,14,0,208,0.69,
Chandrakant Bhaurao Khaire,Aurangabad,Maharashtra,Shiv Sena,50,8,633,0.67,
Chandramani Tripathi,Rewa,Madhya Pradesh,Bharatiya Janata Party,50,0,374,0.75,
Chandrapal Singh Yadav,Jhansi,Uttar Pradesh,Samajwadi Party,12,0,0,0.73,
Chaudhary Lal Singh,Udhampur,Jammu and Kashmir,Indian National Congress,112,1,40,0.75,
Chaudhary Munawwar Hasan^,Muzaffarnagar,Uttar Pradesh,Samajwadi Party,0,0,272,0.44,
Chegondi Venkata Hariram Jogaiah^,Narasapur,Andhra Pradesh,Indian National Congress,1,0,1,0.67,
Chengara Surendran,Adoor,Kerala,Communist Party of India,32,2,273,0.75,
Chhatar Singh Darbar,Dhar,Madhya Pradesh,Bharatiya Janata Party,6,0,58,0.76,
Chinta Mohan,Tirupathi,Andhra Pradesh,Indian National Congress,24,0,411,0.79,
D.C. Srikantappa^,Chikmagalur,Karnataka,Bharatiya Janata Party,0,0,1,0.52,
D.K. Audikesavulu,Chittoor,Andhra Pradesh,Telugu Desam Party,5,0,18,0.53,
D.V. Sadananda Gowda,Mangalore,Karnataka,Bharatiya Janata Party,18,0,134,0.43,
Daggubati Purandeswari,Bapatla,Andhra Pradesh,Indian National Congress,28,4,194,0.81,
Dahya Bhai V. Patel,Daman & Diu,Daman and Diu,Indian National Congress,17,1,56,0.49,
Dalpat Singh Paraste,Shahdol,Madhya Pradesh,Bharatiya Janata Party,1,0,478,0.59,
Damodar Barku Shingada,Dahanu,Maharashtra,Indian National Congress,0,0,1,0.77,
Danapal Venugopal,Tiruppattur,Tamil Nadu,Dravida Munnetra Kazhagam,29,0,0,0.62,
Daroga Prasad Saroj,Lalganj,Uttar Pradesh,Samajwadi Party,4,0,82,0.86,
Dawa Narbula,Darjeeling,West Bengal,Indian National Congress,29,0,19,0.86,
Dayanidhi Maran,Chennai Central,Tamil Nadu,Dravida Munnetra Kazhagam,1,0,0,0.10,
Deepender Singh Hooda,Rohtak,Haryana,Indian National Congress,6,0,12,0.79,
Devarakonda Vittal Rao,Mahabubnagar,Andhra Pradesh,Indian National Congress,7,0,148,0.87,
Devendra Prasad Yadav,Jhanjharpur,Bihar,Rashtriya Janata Dal,175,0,17,0.96,
Devidas Anandrao Pingle,Nasik,Maharashtra,Nationalist Congress Party,6,0,276,0.66,
Devwrat Singh,Rajnandgaon ,Chhattisgarh,Indian National Congress,14,0,1,0.64,
Dhan Singh Rawat,Banswara,Rajasthan,Bharatiya Janata Party,4,0,13,0.56,
Dhani Ram Shandil,Shimla,Himachal Pradesh,Indian National Congress,32,0,122,0.94,
Dhanuskodi Athithan,Tirunelveli,Tamil Nadu,Indian National Congress,14,0,121,0.66,
Dharmendra,Bikaner,Rajasthan,Bharatiya Janata Party,0,0,0,0.24,
Dharmendra Pradhan,Deogarh,Orissa,Bharatiya Janata Party,53,0,167,0.69,
Dharmendra Yadav,Mainpuri,Uttar Pradesh,Samajwadi Party,4,0,0,0.44,
Dhirendra Agarwal,Chatra,Jharkhand,Rashtriya Janata Dal,16,0,463,0.80,
Digamber Bapuji Patil,Nanded,Maharashtra,Bharatiya Janata Party,0,0,29,0.32,
Dinsha J. Patel,Kaira,Gujarat,Indian National Congress,4,0,47,0.76,
Dip Gogoi,Kaliabor,Assam,Indian National Congress,2,0,0,0.71,
Dushyant Singh,Jhalawar,Rajasthan,Bharatiya Janata Party,46,0,604,0.63,
E. Ponnuswamy,Chidambaram,Tamil Nadu,Paattali Makkal Katchi,21,0,199,0.89,
E.G. Sugavanam,Krisnagiri,Tamil Nadu,Dravida Munnetra Kazhagam,28,0,520,0.71,
Eknath Mahadeo Gaikwad,Mumbai North Central,Maharashtra,Indian National Congress,1,0,735,0.93,
Errabelli Dayakar Rao ,Warangal ,Andhra Pradesh,Telugu Desam Party,0,0,26,1.00,
Faggan Singh Kulaste,Mandla,Madhya Pradesh,Bharatiya Janata Party,8,0,59,0.56,
Francis Fanthome,Nominated,Delhi,Indian National Congress,40,0,111,0.84,
Francisco Sardinha,Mormugao,Goa,Indian National Congress,8,0,14,0.95,
Furkan Ansari,Godda,Jharkhand,Indian National Congress,13,0,31,0.81,
G. Nizamuddin,Hindupur,Andhra Pradesh,Indian National Congress,1,0,63,0.77,
G. Venkatswamy,Peddapalli,Andhra Pradesh,Indian National Congress,2,0,7,0.66,
G.V. Harsha Kumar,Amalapuram,Andhra Pradesh,Indian National Congress,1,0,171,0.67,
Ganesh Prasad Singh,Jahanabad,Bihar,Rashtriya Janata Dal,47,0,84,0.94,
Ganesh Singh,Satna,Madhya Pradesh,Bharatiya Janata Party,89,0,435,0.71,
Gauri Shankar Chaturbhuj Bisen^,Balaghat,Madhya Pradesh,Bharatiya Janata Party,14,0,18,0.43,
George Fernandes^,Muzaffarpur,Bihar,Janata Dal (United),10,0,18,0.72,
Ghuran Ram,Palamau ,Jharkhand,Rashtriya Janata Dal,4,0,9,0.87,
Gingee N Ramachandran,Vandavasi,Tamil Nadu,Marumalarchi Dravida Munnetra Kazhagam,5,4,0,0.33,
Girdhari Lal Bhargav,Jaipur,Rajasthan,Bharatiya Janata Party,153,0,220,0.90,
Giridhar Gamang,Koraput,Orissa,Indian National Congress,13,0,124,0.77,
Giridhari Yadav,Banka,Bihar,Rashtriya Janata Dal,16,0,270,0.86,
Govinda Arun Ahuja,Mumbai North,Maharashtra,Indian National Congress,2,0,0,0.12,
Gowdar Mallikarjunappa Siddeswara,Davangere,Karnataka,Bharatiya Janata Party,12,0,623,0.48,
Guharam Ajgalley,Sarangarh,Chhattisgarh,Bharatiya Janata Party,4,0,3,0.61,
Gurjeet Singh Rana,Jullundur,Punjab,Indian National Congress,10,0,10,0.67,
Gurudas Das Gupta,Panskura,West Bengal,Communist Party of India,121,1,271,0.85,
Gurudas Kamat,Mumbai North East,Maharashtra,Indian National Congress,0,0,142,0.70,
H.D. Devegowda,Hassan,Karnataka,Janata Dal (Secular),6,0,0,0.39,
H.T. Sangliana^,Bangalore North,Karnataka,Bharatiya Janata Party,4,0,11,0.79,
Hannan Mollah,Uluberia,West Bengal,Communist Party of India (Marxist),66,2,170,0.87,
Hansraj Gangaram Ahir,Chandrapur,Maharashtra,Bharatiya Janata Party,105,17,854,0.66,
Hari Har Swain^,Aska,Orissa,Biju Janata Dal,0,0,5,0.28,
Hari Kewal Prasad,Salempur,Uttar Pradesh,Samajwadi Party,60,0,597,0.91,
Haribhau Madhav Jawale,Jalgaon,Maharashtra,Bharatiya Janata Party,10,0,14,0.77,
Harilal Madhavjibhai Patel,Porbandar,Gujarat,Bharatiya Janata Party,0,0,35,0.68,
Harin Pathak,Ahmedabad,Gujarat,Bharatiya Janata Party,40,0,106,0.79,
Harischandra Deoram Chavan,Malegaon,Maharashtra,Bharatiya Janata Party,11,0,247,0.55,
Harish Nagpal,Amroha,Uttar Pradesh,Independent,1,0,7,0.24,
Harisingh Nasaru Rathod^,Yavatmal,Maharashtra,Bharatiya Janata Party,90,2,353,0.67,
Harisinh Pratapsinh Chavda,Banaskantha,Gujarat,Indian National Congress,41,0,416,0.88,
Hemant Khandelwal,Betul,Madhya Pradesh,Bharatiya Janata Party,0,0,6,0.69,
Hemlal Murmu,Rajmahal,Jharkhand,Jharkhand Mukti Morcha,36,0,678,0.51,
Hiten Barman,Cooch Behar,West Bengal,All India Forward Bloc,21,0,419,0.68,
Iliyas Azmi,Shahabad,Uttar Pradesh,Bahujan Samaj Party,79,0,84,0.80,
Ingrid Mcleod,Nominated,Chattisgarh,Indian National Congress,12,1,110,0.70,
Iqbal Ahmed Saradgi,Gulbarga,Karnataka,Indian National Congress,41,8,960,0.66,
J.M. Aaron Rashid,Periyakulam,Tamil Nadu,Indian National Congress,66,0,286,0.71,
Jagdish Tytler,Delhi Sadar,Delhi,Indian National Congress,3,0,0,0.54,
Jai Parkash,Hissar,Haryana,Indian National Congress,27,0,16,0.71,
Jai Prakash^,Mohanlalganj,Uttar Pradesh,Samajwadi Party,5,0,129,0.59,
Jaisingrao Gaikwad Patil,Beed,Maharashtra,Nationalist Congress Party,13,0,2,0.77,
Jashubhai Dhanabhai Barad,Junagadh,Gujarat,Indian National Congress,24,0,911,0.46,
Jaswant Singh Bishnoi,Jodhpur,Rajasthan,Bharatiya Janata Party,42,0,307,0.75,
Jayaben B. Thakkar,Baroda,Gujarat,Bharatiya Janata Party,72,0,439,0.65,
Jhansi Botcha Lakshmi,Bobbili ,Andhra Pradesh,Indian National Congress,45,0,103,0.83,
Jitin Prasada,Shahjahanpur,Uttar Pradesh,Indian National Congress,4,0,6,0.72,
Jivabhai Ambalal Patel,Mehsana,Gujarat,Indian National Congress,37,0,440,0.76,
Joachim Baxla,Alipurduar,West Bengal,Revolutionary Socialist Party,31,0,300,0.75,
Joytirmoyee Sikdar,Krishnagar,West Bengal,Communist Party of India (Marxist),14,0,54,0.87,
Jual Oram,Sundargarh,Orissa,Bharatiya Janata Party,27,0,648,0.69,
Jyotiraditya Madhavrao Scindia,Guna,Madhya Pradesh,Indian National Congress,14,0,534,0.78,
K. Dhanaraju,Tindivanam,Tamil Nadu,Paattali Makkal Katchi,41,0,317,0.64,
K. Francis George,Idukki,Kerala,Kerala Congress (M),104,0,46,0.70,
K. Jayasurya Prakash Reddy,Kurnool,Andhra Pradesh,Indian National Congress,0,0,170,0.62,
K. Rani,Rasipuram,Tamil Nadu,Indian National Congress,14,0,14,0.71,
K. Subbarayan,Coimbatore,Tamil Nadu,Communist Party of India,17,0,173,0.72,
K. Virupakshappa,Koppal,Karnataka,Indian National Congress,0,0,39,0.51,
K.C . Pallani Shamy,Karur,Tamil Nadu,Dravida Munnetra Kazhagam,13,0,614,0.64,
K.C. Singh Baba,Nainital,Uttrakhand,Indian National Congress,29,4,116,0.63,
K.M. Kader Mohideen,Vellore,Tamil Nadu,Dravida Munnetra Kazhagam,25,0,5,0.64,
K.S. Manoj,Alleppey,Kerala,Communist Party of India (Marxist),168,4,312,0.88,
K.V. Thangka Balu,Salem,Tamil Nadu,Indian National Congress,21,0,0,0.76,
Kailash Baitha^,Bagaha (SC),Bihar,Janata Dal (United),10,0,121,0.81,
Kailash Joshi,Bhopal,Madhya Pradesh,Bharatiya Janata Party,5,0,23,0.75,
Kailash Meghwal,Tonk,Rajasthan,Bharatiya Janata Party,17,0,627,0.92,
Kailash Nath Singh Yadav,Chandauli,Uttar Pradesh,Bahujan Samaj Party,2,0,333,0.50,
Kalpana Ramesh Narhire,Osmanabad,Maharashtra,Shiv Sena,11,0,249,0.70,
Kalva Kuntla Chandrasekhar Rao,Karimnagar,Andhra Pradesh,Telangana Rashtra Samithi,10,0,16,0.15,
Kalyan Singh,Bulandshahr,Uttar Pradesh,Bharatiya Janata Party,2,0,0,0.49,
Kamla Prasad Rawat,Barabanki,Uttar Pradesh,Bahujan Samaj Party,7,0,180,0.46,
Karan Singh Yadav,Alwar,Rajasthan,Indian National Congress,133,0,14,0.93,
Karuna Shukla,Janjgir,Chhattisgarh,Bharatiya Janata Party,37,1,155,0.73,
Karunakara G. Reddy^,Bellary,Karnataka,Bharatiya Janata Party,47,0,975,0.56,
Kashi Ram Rana,Surat,Gujarat,Bharatiya Janata Party,44,12,499,0.78,
Kavuru Samba Siva Rao,Eluru,Andhra Pradesh,Indian National Congress,87,14,571,0.81,
Khagen Das,Tripura West,Tripura,Communist Party of India (Marxist),36,1,10,0.61,
Kinjarapu Yerrannaidu,Srikakulam,Andhra Pradesh,Telugu Desam Party,132,0,585,0.75,
Kiran Maheshwari^,Udaipur,Rajasthan,Bharatiya Janata Party,52,0,314,0.67,
Kiren Rijiju,Arunachal West,Arunachal Pradesh,Bharatiya Janata Party,91,3,252,0.85,
Kirip Chaliha,Gauhati,Assam,Indian National Congress,23,0,127,0.92,
Kirti Vardhan Singh,Gonda,Uttar Pradesh,Samajwadi Party,4,0,533,0.52,
Kishan Lal Diler^,Hathras,Uttar Pradesh,Bharatiya Janata Party,2,0,2,0.92,
Kishan Singh Sangwan,Sonepat,Haryana,Bharatiya Janata Party,48,0,38,0.89,
Kishanbhai Vestabhai Patel,Bulsar,Gujarat,Indian National Congress,15,0,998,0.76,
Krishna Tirath,Karol Bagh,Delhi,Indian National Congress,32,7,35,0.94,
Kuldeep Bishnoi^,Bhiwani,Haryana,Indian National Congress,4,0,386,0.59,
Kunnur Manjunath Channappa^,Dharwad South,Karnataka,Bharatiya Janata Party,51,0,156,0.71,
Kunwar Devendra Singh Yadav,Etah,Uttar Pradesh,Samajwadi Party,0,0,8,0.74,
Kunwar Manvendra Singh,Mathura,Uttar Pradesh,Indian National Congress,48,1,203,0.79,
Kunwar Sarvraj Singh,Aonla,Uttar Pradesh,Janata Dal (United),0,0,0,0.88,
L. Ganesan,Tiruchirappalli,Tamil Nadu,Marumalarchi Dravida Munnetra Kazhagam,17,0,30,0.40,
Lakshman Chandra Seth,Tamluk,West Bengal,Communist Party of India (Marxist),34,0,55,0.52,
Lakshman Singh,Rajgarh,Madhya Pradesh,Bharatiya Janata Party,44,0,51,0.74,
Lal Mani Prasad,Basti,Uttar Pradesh,Bahujan Samaj Party,18,0,33,0.70,
Lalit Mohan Suklabaidya,Karimganj,Assam,Indian National Congress,37,0,25,0.86,
Lalmuni Chaubey,Buxar,Bihar,Bharatiya Janata Party,5,0,1,0.93,
Laxman Rao Pandurang Patil,Satara,Maharashtra,Nationalist Congress Party,0,0,0,0.64,
Laxminarayan Pandey,Mandsaur,Madhya Pradesh,Bharatiya Janata Party,56,1,446,0.85,
Lonappan Nambadan,Mukundapuram,Kerala,Communist Party of India (Marxist),49,0,52,0.90,
M. Anjan Kumar Yadav,Secunderabad,Andhra Pradesh,Indian National Congress,7,0,315,0.70,
M. Appadurai,Tenkasi,Tamil Nadu,Communist Party of India,45,0,311,0.91,
M. Jagannath^,Nagarkurnool,Andhra Pradesh,Telugu Desam Party,60,0,674,0.71,
M. Ramadass,Pondicherry,Pondicherry,Paattali Makkal Katchi,151,0,380,0.94,
M. Shivanna,Chamrajanagar,Karnataka,Janata Dal (Secular),108,1,414,0.70,
M.A. Kharabela Swain,Balasore,Orissa,Bharatiya Janata Party,110,0,35,0.85,
M.H. Ambareesh,Mandya,Karnataka,Indian National Congress,0,0,0,0.27,
M.P. Veerendra Kumar,Calicut,Kerala,Janata Dal (Secular),71,2,296,0.69,
M.S. K. Bhavani Rajenthiran,Ramanthapuram,Tamil Nadu,Dravida Munnetra Kazhagam,30,0,2,0.77,
Madan Lal Sharma,Jammu,Jammu and Kashmir,Indian National Congress,39,0,170,0.77,
Madhu Goud Yaskhi,Nizamabad,Andhra Pradesh,Indian National Congress,18,0,244,0.83,
Madhusudan Devram Mistry,Sabarkantha,Gujarat,Indian National Congress,100,0,101,0.90,
Magunta Sreenivasulu Reddy,Ongole,Andhra Pradesh,Indian National Congress,10,0,417,0.48,
Maha Deo Rao Shiwankar,Chimur,Maharashtra,Bharatiya Janata Party,49,4,867,0.59,
Mahavir Bhagora,Salumber,Rajasthan,Bharatiya Janata Party,23,0,326,0.87,
Mahendra Prasad Nishad,Fatehpur,Uttar Pradesh,Bahujan Samaj Party,16,0,70,0.56,
Mahesh Kumar Kanodia,Patan,Gujarat,Bharatiya Janata Party,10,0,219,0.58,
Mallipudi Raju Pallam Mangapati,Kakinada,Andhra Pradesh,Indian National Congress,8,0,2,0.85,
Mamata Banerjee,Calcutta South,West Bengal,All India Trinamool Congress,32,0,0,0.18,
Maneka Gandhi,Pilibhit,Uttar Pradesh,Bharatiya Janata Party,20,0,279,0.72,
Mani Charenamei,Outer Manipur,Manipur,Independent,27,1,58,0.90,
Manik Singh,Sidhi ,Madhya Pradesh,Indian National Congress,1,0,6,0.61,
Manorama Madhwaraj^,Udupi,Karnataka,Bharatiya Janata Party,18,0,275,0.68,
Manoranjan Bhakta,A & N Islands,Andaman and Nicobar,Indian National Congress,31,0,425,0.64,
Mansukhbhai D. Vasava,Broach,Gujarat,Bharatiya Janata Party,17,0,312,0.48,
Manvendra Singh,Barmer,Rajasthan,Bharatiya Janata Party,15,0,0,0.75,
Meena Singh^,Bikramganj,Bihar,Janata Dal (United),1,0,0,0.89,
Mehbooba Mufti^,Anantnag,Jammu and Kashmir,Jammu & Kashmir People's Democratic Party,14,0,8,0.48,
Mekapati Rajamohan Reddy,Narasaraopet,Andhra Pradesh,Indian National Congress,14,0,365,0.76,
Milind Murli Deora,Mumbai South,Maharashtra,Indian National Congress,10,0,472,0.75,
Minati Sen,Jalpaiguri,West Bengal,Communist Party of India (Marxist),54,0,126,0.71,
Mitrasen Yadav,Faizabad,Uttar Pradesh,Bahujan Samaj Party,45,0,135,0.57,
Mohammad Salim,Calcutta North East,West Bengal,Communist Party of India (Marxist),59,0,1,0.87,
Mohammad Tahir Khan,Sultanpur,Uttar Pradesh,Bahujan Samaj Party,16,0,426,0.61,
Mohammed Muqueem,Domariaganj,Uttar Pradesh,Bahujan Samaj Party,9,0,183,0.78,
Mohammed Shahabuddin,Siwan,Bihar,Rashtriya Janata Dal,0,0,2,0.24,
Mohammed Shahid^,Meerut,Uttar Pradesh,Bahujan Samaj Party,5,0,134,0.36,
Mohan Jena,Jajpur,Orissa,Biju Janata Dal,14,0,38,0.70,
Mohan Ponnuswamy,Madurai,Tamil Nadu,Communist Party of India (Marxist),82,0,187,0.71,
Mohan Rawale,Mumbai South Central,Maharashtra,Shiv Sena,29,0,290,0.59,
Mohan Singh,Deoria,Uttar Pradesh,Samajwadi Party,131,28,313,0.91,
Mohanbhai Delkar,D&N Haveli-ST,Dadra and Nagar Haveli,Bharatiya Navshakti Party,1,0,6,0.74,
Moni Kumar Subba,Tezpur,Assam,Indian National Congress,0,0,482,0.77,
Munshiram,Bijnor,Uttar Pradesh,Rashtriya Lok Dal,67,0,343,0.89,
N.N. Krishnadas,Palghat,Kerala,Communist Party of India (Marxist),47,0,268,0.75,
N.S.V. Chitthan,Dindigul,Tamil Nadu,Indian National Congress,63,0,193,0.88,
N.Y. Hanumanthappa,Chitradurga,Karnataka,Indian National Congress,7,0,0,0.51,
Nakul Das Rai,Sikkim,Sikkim,Sikkim Democratic Front,12,0,75,0.82,
Nand Kumar Sai,Surguja,Chhattisgarh,Bharatiya Janata Party,10,0,165,0.48,
Nand Kumar Singh Chauhan,Khandwa,Madhya Pradesh,Bharatiya Janata Party,0,0,10,0.33,
Narahari Mahato,Purulia ,West Bengal,All India Forward Bloc,1,0,156,0.66,
Narayan Chandra Borkataky,Mangaldoi,Assam,Bharatiya Janata Party,10,0,182,0.75,
Narsing Hulla Suryawanshi,Bidar,Karnataka,Indian National Congress,1,0,5,0.77,
Naveen Jindal,Kurukshetra,Haryana,Indian National Congress,35,0,376,0.71,
Navjot Singh Sidhu,Amritsar,Punjab,Bharatiya Janata Party,4,0,224,0.45,
Nedurumalli Janardhana Reddy,Visakhapatnam,Andhra Pradesh,Indian National Congress,1,0,146,0.66,
Neeraj Shekhar,Ballia,Uttar Pradesh,Samajwadi Party,1,0,1,0.84,
Neeta Pateriya^,Seoni,Madhya Pradesh,Bharatiya Janata Party,30,0,138,0.81,
Nihal Chand Chauhan,Ganganagar,Rajasthan,Bharatiya Janata Party,23,0,50,0.68,
Nikhil Kumar,Aurangabad,Bihar,Indian National Congress,62,0,542,0.88,
Nikhil Kumar Choudhary,Katihar,Bihar,Bharatiya Janata Party,14,0,154,0.77,
Nikhilananda Sar,Burdwan,West Bengal,Communist Party of India (Marxist),5,0,0,0.88,
Nivedita Mane,Ichalkaranji,Maharashtra,Nationalist Congress Party,5,0,684,0.54,
Omar Abdullah^,Srinagar,Jammu and Kashmir,Jammu and Kashmir National Conference,6,0,0,0.48,
P. Jaya Prada Nahata,Rampur,Uttar Pradesh,Samajwadi Party,27,3,269,0.43,
P. Karunakaran,Kasaragod,Kerala,Communist Party of India (Marxist),121,1,281,0.81,
P. Pookunhi Koya^,Lakshadweep,Lakshadweep,Janata Dal (United),6,1,118,0.72,
P. Rajendran,Quilon,Kerala,Communist Party of India (Marxist),34,0,201,0.75,
P. Satheedevi,Badagara,Kerala,Communist Party of India (Marxist),66,0,148,0.81,
P.C. Gaddigoudar,Bagalkot,Karnataka,Bharatiya Janata Party,7,0,64,0.53,
P.C. Thomas,Muvattupuzha,Kerala,Kerala Congress (M),97,0,466,0.71,
Pankaj Chaudhary,Maharajganj,Uttar Pradesh,Bharatiya Janata Party,14,0,303,0.63,
Pannian Ravindran,Thiruvananthapuram,Kerala,Communist Party of India,12,0,125,0.67,
Pappala Chalapathirao,Anakapalli,Andhra Pradesh,Telugu Desam Party,0,0,1,0.77,
Paramjit Kaur Gulshan,Bhatinda,Punjab,Shiromani Akali Dal,20,0,21,0.69,
Parasnath Yadav,Jaunpur,Uttar Pradesh,Samajwadi Party,24,0,102,0.83,
Parsuram Majhi,Nowrangpur,Orissa,Bharatiya Janata Party,7,0,277,0.66,
Pawan Kumar Bansal,Chandigarh,Chandigarh,Indian National Congress,63,6,107,0.95,
Prabhunath Singh^,Maharajganj,Bihar,Janata Dal (United),158,0,657,0.80,
Prabodh Panda,Midnapore,West Bengal,Communist Party of India,112,1,435,0.89,
Prakash B. Jadhao,Ramtek ,Maharashtra,Shiv Sena,1,0,26,0.43,
Pralhad Venkatesh Joshi,Dharwad North,Karnataka,Bharatiya Janata Party,42,0,306,0.56,
Prasanna Acharya,Sambalpur,Orissa,Biju Janata Dal,50,0,4,0.71,
Prasanna Kumar Patasani,Bhubaneswar,Orissa,Biju Janata Dal,29,0,24,0.77,
Prasanta Pradhan,Contai,West Bengal,Communist Party of India (Marxist),10,0,32,0.73,
Pratibha Singh,Mandi,Himachal Pradesh,Indian National Congress,49,0,115,0.86,
Pratik Prakashbapu Patil,Sangli,Maharashtra,Indian National Congress,1,0,77,0.65,
Preneet Kaur,Patiala,Punjab,Indian National Congress,6,0,7,0.76,
Priya Sunil Dutt,Mumbai North West,Maharashtra,Indian National Congress,4,0,31,0.46,
Punnulal Mohale^,Bilaspur,Chhattisgarh,Bharatiya Janata Party,83,2,224,0.51,
Pushpdan Shambhudan Gadhavi,Kutch,Gujarat,Bharatiya Janata Party,83,0,384,0.73,
Pusp Jain,Pali,Rajasthan,Bharatiya Janata Party,2,0,35,0.67,
R. Prabhu,Nilgiris,Tamil Nadu,Indian National Congress,10,0,12,0.56,
R.L. Jalappa,Chikballapur,Karnataka,Indian National Congress,9,0,9,0.48,
Rabindra Kumar Rana,Khagaria,Bihar,Rashtriya Janata Dal,2,0,27,0.89,
Radhey Shyam Kori,Ghatampur,Uttar Pradesh,Samajwadi Party,0,0,1,0.77,
Raghunath Jha,Bettiah,Bihar,Rashtriya Janata Dal,83,0,626,0.48,
Raghuraj Singh Shakya,Etawah,Uttar Pradesh,Samajwadi Party,41,0,318,0.79,
Raghuvir Singh Kaushal,Kota,Rajasthan,Bharatiya Janata Party,10,0,677,0.79,
Rahul Gandhi,Amethi,Uttar Pradesh,Indian National Congress,5,0,3,0.63,
Raj Babbar,Agra,Uttar Pradesh,Samajwadi Party,7,0,5,0.52,
Rajagopal Lagadapati,Vijayawada,Andhra Pradesh,Indian National Congress,37,8,376,0.73,
Rajen Gohain,Nowgong,Assam,Bharatiya Janata Party,3,0,102,0.47,
Rajendra Kumar Badi,Hardwar,Uttrakhand,Samajwadi Party,15,0,107,0.94,
Rajendrasinh Ghanshyamsinh Rana (Raju Rana),Bhavnagar,Gujarat,Bharatiya Janata Party,1,0,5,0.62,
Rajesh Kumar Manjhi,Gaya,Bihar,Rashtriya Janata Dal,19,0,15,0.80,
Rajesh Kumar Mishra,Varanasi,Uttar Pradesh,Indian National Congress,53,0,270,0.78,
Rajesh Ranjan (Pappu Yadav),Madhepura,Bihar,Rashtriya Janata Dal,5,0,1,0.04,
Rajesh Verma,Sitapur,Uttar Pradesh,Bahujan Samaj Party,16,0,64,0.74,
Rajiv Ranjan (Lalan) Singh^,Begusarai,Bihar,Janata Dal (United),46,0,510,0.80,
Rajnarayan Budholiya,Hamirpur,Uttar Pradesh,Samajwadi Party,77,0,307,0.93,
Rakesh Singh,Jabalpur,Madhya Pradesh,Bharatiya Janata Party,23,0,303,0.71,
Ram Chandra Dome,Birbhum,West Bengal,Communist Party of India (Marxist),23,0,28,0.68,
Ram Gopal Yadav^,Sambhal,Uttar Pradesh,Samajwadi Party,54,0,0,0.72,
Ram Kripal Yadav,Patna,Bihar,Rashtriya Janata Dal,230,1,292,0.89,
Ram Lakhan Singh,Bhind,Madhya Pradesh,Bharatiya Janata Party,12,0,46,0.82,
Ram Singh Kaswan,Churu,Rajasthan,Bharatiya Janata Party,26,0,50,0.84,
Ramakrishna Badiga,Machilipatnam,Andhra Pradesh,Indian National Congress,9,0,649,0.75,
Raman Senthil,Dharmapuri,Tamil Nadu,Paattali Makkal Katchi,30,6,67,0.81,
Ramchandra Paswan,Rosera,Bihar,Lok Janshakti Party,4,0,57,0.75,
Ramdas Athawale,Pandharpur,Maharashtra,Republican Party of India (Athvale),151,10,949,0.85,
Ramesh Bais,Raipur,Chhattisgarh,Bharatiya Janata Party,0,0,3,0.61,
Ramesh Chandappa Jigajinagi,Chikkodi,Karnataka,Bharatiya Janata Party,1,0,1,0.53,
Ramesh Dube,Mirzapur ,Uttar Pradesh,Bahujan Samaj Party,10,0,40,0.82,
Rameshwar Oraon,Lohardaga,Jharkhand,Indian National Congress,18,0,21,0.50,
Ramji Lal Suman,Firozabad,Uttar Pradesh,Samajwadi Party,204,0,520,0.85,
Ramkrishna Kusmaria^,Khajuraho,Madhya Pradesh,Bharatiya Janata Party,35,0,43,0.71,
Rampal Singh,Vidisha ,Madhya Pradesh,Bharatiya Janata Party,0,0,13,0.30,
Ramswaroop Koli,Bayana,Rajasthan,Bharatiya Janata Party,17,0,16,0.87,
Ramswaroop Prasad^,Nalanda ,Bihar,Janata Dal (United),3,0,0,0.92,
Ranen Barman,Balurghat,West Bengal,Revolutionary Socialist Party,1,0,337,0.51,
Ranjeet Ranjan,Saharsa,Bihar,Lok Janshakti Party,31,0,22,0.81,
Raosaheb Patil Danve,Jalna,Maharashtra,Bharatiya Janata Party,5,0,91,0.45,
Rasa Singh Rawat,Ajmer,Rajasthan,Bharatiya Janata Party,194,1,161,0.85,
Rasheed Masood,Saharanpur,Uttar Pradesh,Samajwadi Party,5,0,408,0.58,
Ratilal Kalidas Varma,Dhandhuka,Gujarat,Bharatiya Janata Party,50,0,229,0.72,
Rattan Singh Ajnala,Taran Taran,Punjab,Shiromani Akali Dal,22,0,44,0.79,
Ravi Prakash Verma,Kheri,Uttar Pradesh,Samajwadi Party,64,0,1050,0.78,
Rewati Raman Singh,Allahabad,Uttar Pradesh,Samajwadi Party,56,0,318,0.76,
Rubab Sayda,Bahraich,Uttar Pradesh,Samajwadi Party,3,0,0,0.57,
Rupatai Diliprao Nilangekar Patil,Latur,Maharashtra,Bharatiya Janata Party,14,0,164,0.66,
Rupchand Murmu,Jhargram,West Bengal,Communist Party of India (Marxist),8,0,236,0.87,
Rupchand Pal,Hooghly,West Bengal,Communist Party of India (Marxist),95,0,15,0.88,
S. Ajaya Kumar,Ottapalam,Kerala,Communist Party of India (Marxist),14,0,201,0.70,
S. Bangarappa^,Shimoga,Karnataka,Samajwadi Party,3,0,0,0.39,
S. Mallikarjunaiah,Tumkur,Karnataka,Bharatiya Janata Party,34,0,52,0.81,
S.P. Singh Baghel^,Jalesar,Uttar Pradesh,Samajwadi Party,9,0,0,0.82,
S.P.Y. Reddy,Nandyal,Andhra Pradesh,Indian National Congress,8,3,65,0.51,
Sachin Pilot,Dausa,Rajasthan,Indian National Congress,12,0,1,0.82,
Sadashivrao Dadoba Mandlik,Kolhapur,Maharashtra,Nationalist Congress Party,18,0,144,0.57,
Sai Prathap Annayyagari,Rajampet,Andhra Pradesh,Indian National Congress,10,0,206,0.85,
Sajjan Kumar,Outer Delhi,Delhi,Indian National Congress,14,0,173,0.95,
Salarapatty Kuppusamy Kharventhan,Palani,Tamil Nadu,Indian National Congress,177,2,1108,0.79,
Saleem Iqbal Shervani,Budaun,Uttar Pradesh,Samajwadi Party,0,0,0,0.53,
Sambasiva Rayapati Rao,Guntur,Andhra Pradesh,Indian National Congress,33,10,950,0.63,
Samik Lahiri,Diamond Harbour,West Bengal,Communist Party of India (Marxist),9,0,29,0.59,
Sanat Kumar Mandal,Joynagar,West Bengal,Revolutionary Socialist Party,33,0,454,0.75,
Sandeep Dikshit,East Delhi,Delhi,Indian National Congress,38,0,0,0.84,
Sangeeta Kumari Singh Deo,Bolangir,Orissa,Bharatiya Janata Party,13,0,467,0.77,
Sanjay Shamrao Dhotre,Akola,Maharashtra,Bharatiya Janata Party,7,0,296,0.75,
Sansuma Khunggur Bwiswmuthiary,Kokrajhar,Assam,Independent,39,0,35,0.52,
Santasri Chatterjee,Serampore,West Bengal,Communist Party of India (Marxist),53,0,51,0.90,
Santosh Kumar Gangwar,Bareilly,Uttar Pradesh,Bharatiya Janata Party,136,0,558,0.92,
Sarbananda Sonowal,Dibrugarh,Assam,Asom Gana Parishad,62,0,118,0.57,
Sardar Zora Singh Mann,Ferozepur,Punjab,Shiromani Akali Dal,8,0,9,0.59,
Sartaj Singh Chatwal^,Hoshangabad,Madhya Pradesh,Bharatiya Janata Party,1,0,0,0.57,
Sathyanarayana Sarvey,Siddipet,Andhra Pradesh,Indian National Congress,3,0,189,0.69,
Satyanarayan Jatiya,Ujjain,Madhya Pradesh,Bharatiya Janata Party,53,0,161,0.80,
Sebastian Paul,Ernakulam,Kerala,Independent,34,0,4,0.87,
Shafiqur Rahman Barq,Moradabad,Uttar Pradesh,Samajwadi Party,27,0,37,0.93,
Shailendra Kumar,Chail,Uttar Pradesh,Samajwadi Party,340,0,185,0.89,
Shankhlal Majhi,Akbarpur,Uttar Pradesh,Samajwadi Party,20,0,5,0.71,
Sharanjit Singh Dhillon,Ludhiana,Punjab,Shiromani Akali Dal,9,0,0,0.45,
Shibu Soren,Dumka,Jharkhand,Jharkhand Mukti Morcha,4,0,1,0.14,
Shishupal Natthu Patle,Bhandara,Maharashtra,Bharatiya Janata Party,30,0,421,0.75,
Shivaji Adhalrao Patil,Khed,Maharashtra,Shiv Sena,5,4,1251,0.43,
Shriniwas Dadasaheb Patil,Karad,Maharashtra,Nationalist Congress Party,27,0,271,0.65,
Shripad Yasso Naik,Panaji,Goa,Bharatiya Janata Party,19,0,96,0.67,
Shyama Charan Gupta,Banda,Uttar Pradesh,Samajwadi Party,2,0,29,0.66,
Sita Ram Yadav,Sitamarhi,Bihar,Rashtriya Janata Dal,14,0,77,0.67,
Sitaram Singh,Sheohar,Bihar,Rashtriya Janata Dal,49,0,145,0.87,
Sohan Potai,Kanker,Chhattisgarh,Bharatiya Janata Party,0,0,0,0.61,
Somabhai Gandalal Koli Patel,Surendranagar,Gujarat,Bharatiya Janata Party,0,0,0,0.61,
Sonia Gandhi,Rae Bareli,Uttar Pradesh,Indian National Congress,3,0,0,0.36,
Srichand Kripalani,Chittorgarh,Rajasthan,Bharatiya Janata Party,26,0,175,0.64,
Subhash Maharia,Sikar,Rajasthan,Bharatiya Janata Party,12,0,188,0.64,
Subhash Sureshchandra Deshmukh,Solapur,Maharashtra,Bharatiya Janata Party,12,0,369,0.64,
Subrata Bose,Barasat,West Bengal,All India Forward Bloc,29,0,356,0.88,
Sudam Marndi,Mayurbhanj,Orissa,Jharkhand Mukti Morcha,0,0,16,0.41,
Sudhangshu Seal,Calcutta North West,West Bengal,Communist Party of India (Marxist),15,0,2,0.90,
Sugrib Singh,Phulbani,Orissa,Biju Janata Dal,32,0,1083,0.73,
Sujan Chakraborty,Jadhavpur,West Bengal,Communist Party of India (Marxist),31,0,16,0.72,
Sukdeo Paswan,Araria,Bihar,Bharatiya Janata Party,25,0,93,0.72,
Sukhbir Singh Badal,Faridkot,Punjab,Shiromani Akali Dal,5,0,7,0.25,
Sukhdev Singh Dhindsa,Sangrur,Punjab,Shiromani Akali Dal,47,0,124,0.66,
Sukhdev Singh Libra,Ropar,Punjab,Shiromani Akali Dal,5,0,70,0.90,
Suman Mahato,Jamshedpur,Jharkhand,Jharkhand Mukti Morcha,5,0,0,0.58,
Sumitra Mahajan,Indore,Madhya Pradesh,Bharatiya Janata Party,61,0,206,0.82,
Sunil Khan,Durgapur,West Bengal,Communist Party of India (Marxist),82,1,286,0.86,
Suraj Singh,Balia,Bihar,Lok Janshakti Party,12,0,156,0.64,
Suravaram Sudhakar Reddy,Nalgonda,Andhra Pradesh,Communist Party of India,83,5,220,0.84,
Surendra Prakash Goel,Hapur,Uttar Pradesh,Indian National Congress,27,0,103,0.95,
Suresh Chanabasappa Angadi,Belgaum,Karnataka,Bharatiya Janata Party,12,0,155,0.47,
Suresh Ganpatrao Wagmare,Wardha,Maharashtra,Bharatiya Janata Party,16,0,32,0.67,
Suresh Kalmadi,Pune,Maharashtra,Indian National Congress,2,0,148,0.71,
Suresh Kurup,Kottayam,Kerala,Communist Party of India (Marxist),38,3,174,0.83,
Suresh Prabhakar Prabhu,Rajapur,Maharashtra,Shiv Sena,83,0,332,0.70,
Susheela Laxman Bangaru,Jalore,Rajasthan,Bharatiya Janata Party,5,0,52,0.91,
Sushila Kerketta,Khunti,Jharkhand,Indian National Congress,4,0,0,0.80,
Susmita Bauri,Vishnupur,West Bengal,Communist Party of India (Marxist),12,0,21,0.79,
Swadesh Chakrabortty,Howrah,West Bengal,Communist Party of India (Marxist),16,0,115,0.80,
Syed Shahnawaz Hussain,Bhagalpur ,Bihar,Bharatiya Janata Party,27,1,58,0.84,
T.K. Hamza,Manjeri,Kerala,Communist Party of India (Marxist),33,0,48,0.79,
Tapir Gao,Arunachal East,Arunachal Pradesh,Bharatiya Janata Party,56,2,105,0.86,
Tarachand Sahu,Durg,Chhattisgarh,Bharatiya Janata Party,0,0,5,0.32,
Tarit Baran Topdar,Barrackpore,West Bengal,Communist Party of India (Marxist),9,0,16,0.66,
Tathagata Satpathy,Dhenkanal,Orissa,Biju Janata Dal,46,0,308,0.66,
Tejasvini Gowda,Kanakapura,Karnataka,Indian National Congress,74,0,1,0.66,
Tek Lal Mahto,Giridih,Jharkhand,Jharkhand Mukti Morcha,35,0,212,0.66,
Thaawar Chand Gehlot,Shajapur,Madhya Pradesh,Bharatiya Janata Party,34,0,269,0.87,
Thokchom Meinya,Inner Manipur,Manipur,Indian National Congress,58,0,106,0.96,
Thupstan Chhewang,Ladakh - J & K,Jammu and Kashmir,Independent,16,0,24,0.79,
TPS Rawat,Garhwal,Uttarakhand,Bharatiya Janata Party,4,0,1,0.88,
Tufani Saroj,Saidpur,Uttar Pradesh,Samajwadi Party,29,0,144,0.81,
Tukaram Gangadhar Gadakh,Ahmednagar,Maharashtra,Nationalist Congress Party,1,0,224,0.38,
Tukaram Ganpatrao Renge Patil,Parbhani,Maharashtra,Shiv Sena,32,1,578,0.55,
Tushar Amarsinh Chaudhary,Mandvi,Gujarat,Indian National Congress,15,0,10,0.84,
Uday Singh,Purnea,Bihar,Bharatiya Janata Party,13,0,536,0.70,
Umakant Yadav,Machhlishahr,Uttar Pradesh,Bahujan Samaj Party,0,0,2,0.41,
Usha Verma,Hardoi,Uttar Pradesh,Samajwadi Party,7,0,18,0.79,
V. Kishore Chandra S. Deo,Parvathipuram,Andhra Pradesh,Indian National Congress,15,0,2,0.95,
V. Radhika Selvi,Tiruchendur,Tamil Nadu,Dravida Munnetra Kazhagam,21,0,4,0.68,
Vallabhbhai Kathiria,Rajkot,Gujarat,Bharatiya Janata Party,25,0,132,0.69,
Vanlalzawma,Mizoram,Mizoram,Mizo National Front,10,0,8,0.89,
Varkala Radhakrishnan,Chirayinkil,Kerala,Communist Party of India (Marxist),188,0,164,0.90,
Vasantrao J. More,Erandol ,Maharashtra,Nationalist Congress Party,0,0,24,0.64,
Vijay Bahuguna,Tehri Garhwal ,Uttrakhand,Indian National Congress,5,0,13,0.70,
Vijay Krishna,Barh,Bihar,Rashtriya Janata Dal,34,0,549,0.82,
Vijay Kumar Malhotra^,South Delhi,Delhi,Bharatiya Janata Party,170,0,274,0.87,
Vijayendra Pal Singh,Bhilwara,Rajasthan,Bharatiya Janata Party,39,0,2,0.71,
Vikrambhai Arjanbhai Maadam,Jamnagar,Gujarat,Indian National Congress,8,0,385,0.61,
Vinod Khanna,Gurdaspur,Punjab,Bharatiya Janata Party,5,0,4,0.46,
Vinod Kumar Boianapalli,Hanamkonda,Andhra Pradesh,Telangana Rashtra Samithi,15,0,231,0.63,
Virchandra Paswan,Nawada,Bihar,Rashtriya Janata Dal,13,0,37,0.93,
Virendra Kumar,Sagar,Madhya Pradesh,Bharatiya Janata Party,96,0,112,0.93,
Virjibhai Thummar,Amreli,Gujarat,Indian National Congress,67,0,559,0.93,
Vishnu Dev Sai,Raigarh,Chhattisgarh,Bharatiya Janata Party,2,0,18,0.38,
Vishvendra Singh^,Bharatpur,Rajasthan,Bharatiya Janata Party,0,0,4,0.14,
W. Wangyuh Konyak,Nagaland,Nagaland,Nagaland Peoples Front,17,2,7,0.77,
Y.S. Vivekananda Reddy,Cuddapah,Andhra Pradesh,Indian National Congress,2,0,0,0.54,
Yashodhara Raje Scindia,Gwalior ,Madhya Pradesh,Bharatiya Janata Party,1,0,23,0.71,
